{
  "single_thread": {
    "elapsed_sec": 5.768824815750122,
    "packets_captured": 50000.0,
    "packets_processed": 50000.0,
    "ai_predictions": 50000.0,
    "attacks_detected": 5681.0,
    "throughput_capture": 8667.27654192052,
    "throughput_inference": 8667.27654192052,
    "avg_latency_ms": 8.97184856414795,
    "p50_latency_ms": 8.848428726196289,
    "p95_latency_ms": 14.032602310180664,
    "p99_latency_ms": 15.180196762084979
  },
  "multi_thread": {
    "elapsed_sec": 127.29908728599548,
    "packets_captured": 50000.0,
    "packets_processed": 50000.0,
    "ai_predictions": 49890.0,
    "attacks_detected": 5619.0,
    "throughput_capture": 392.7757933383128,
    "throughput_inference": 391.91168659296846,
    "avg_latency_ms": 555.3897638410766,
    "p50_latency_ms": 613.0684614181519,
    "p95_latency_ms": 989.7679805755615,
    "p99_latency_ms": 1024.7780990600586
  },
  "multi_process": {
    "elapsed_sec": 129.4565932750702,
    "packets_captured": 50000.0,
    "packets_processed": 50000.0,
    "ai_predictions": 49944.0,
    "attacks_detected": 5593.0,
    "throughput_capture": 386.2298453487006,
    "throughput_inference": 385.7972679219101,
    "avg_latency_ms": 397.5987959448466
  }
}