{
  "metadata": {
    "timestamp": "2026-04-02 02:42:11",
    "hardware": {
      "os": "Windows 11",
      "python": "3.13.2",
      "cpu": "Intel64 Family 6 Model 154 Stepping 3, GenuineIntel",
      "cpu_cores_physical": 12,
      "ram_gb": "15.6",
      "gpu": "NVIDIA GeForce RTX 3050 Laptop GPU",
      "gpu_vram_mb": 4095,
      "gpu_compute_capability": "8.6",
      "cuda_version": "12.4"
    },
    "config": {
      "model_type": "xgboost",
      "batch_size": 128,
      "queue_size": 10000,
      "num_consumers": 2,
      "num_ai_workers": 1,
      "use_gpu": true,
      "gpu_profile": "low"
    }
  },
  "test1_inference_batch": {
    "1": {
      "batch_size": 1,
      "throughput_mean": 2449.7582303911577,
      "throughput_std": 121.47548560227256,
      "latency_ms_mean": 0.40920973000029337,
      "latency_ms_std": 0.020291370000631997,
      "speedup_vs_bs1": 1.0
    },
    "2": {
      "batch_size": 2,
      "throughput_mean": 4082.289745111648,
      "throughput_std": 532.0127098771745,
      "latency_ms_mean": 0.24919281999900705,
      "latency_ms_std": 0.032475339999655295,
      "speedup_vs_bs1": 1.6664051556058332
    },
    "4": {
      "batch_size": 4,
      "throughput_mean": 9022.394880879001,
      "throughput_std": 53.192967622781,
      "latency_ms_mean": 0.1108391699999629,
      "latency_ms_std": 0.0006534699998155674,
      "speedup_vs_bs1": 3.6829735967203496
    },
    "8": {
      "batch_size": 8,
      "throughput_mean": 18064.77852153616,
      "throughput_std": 64.29394820690686,
      "latency_ms_mean": 0.05535703999921679,
      "latency_ms_std": 0.00019701999990502303,
      "speedup_vs_bs1": 7.374106676090938
    },
    "16": {
      "batch_size": 16,
      "throughput_mean": 34176.66951398677,
      "throughput_std": 195.1038348540751,
      "latency_ms_mean": 0.0292606800008798,
      "latency_ms_std": 0.00016704000008758123,
      "speedup_vs_bs1": 13.951037735070582
    },
    "32": {
      "batch_size": 32,
      "throughput_mean": 64303.01850871205,
      "throughput_std": 662.4198781829218,
      "latency_ms_mean": 0.015553019999788375,
      "latency_ms_std": 0.00016021999981603776,
      "speedup_vs_bs1": 26.248720265936065
    },
    "64": {
      "batch_size": 64,
      "throughput_mean": 112376.16451279235,
      "throughput_std": 957.2897038824449,
      "latency_ms_mean": 0.00889932999998564,
      "latency_ms_std": 7.580999954370695e-05,
      "speedup_vs_bs1": 45.87234900108858
    },
    "128": {
      "batch_size": 128,
      "throughput_mean": 212236.86219988443,
      "throughput_std": 943.6632942797587,
      "latency_ms_mean": 0.00471181000029901,
      "latency_ms_std": 2.094999945256859e-05,
      "speedup_vs_bs1": 86.63584004614046
    },
    "256": {
      "batch_size": 256,
      "throughput_mean": 397395.98186055606,
      "throughput_std": 1331.280634826282,
      "latency_ms_mean": 0.0025164099999528842,
      "latency_ms_std": 8.42999943415643e-06,
      "speedup_vs_bs1": 162.2184495312842
    },
    "512": {
      "batch_size": 512,
      "throughput_mean": 657781.8546766834,
      "throughput_std": 1613.875387954584,
      "latency_ms_mean": 0.0015202699993096757,
      "latency_ms_std": 3.7300000258255533e-06,
      "speedup_vs_bs1": 268.5088865163866
    }
  },
  "test2_pipeline_comparison": {
    "single_thread": {
      "predictions": 10000.0,
      "elapsed_sec": 0.6044259999980568,
      "throughput": 16544.622501401576,
      "avg_latency_ms": 4.4027602800772,
      "p50_latency_ms": 4.401300000608899,
      "p95_latency_ms": 7.334225003069149,
      "p99_latency_ms": 7.738704998337198,
      "min_latency_ms": 0.9933999972417951,
      "max_latency_ms": 8.746800005610567,
      "speedup_vs_single": 1.0
    },
    "multi_thread": {
      "predictions": 10000.0,
      "elapsed_sec": 0.6833543999964604,
      "throughput": 14633.695195423923,
      "avg_latency_ms": 264.1283945106275,
      "p50_latency_ms": 268.16930000131833,
      "p95_latency_ms": 460.39579499483807,
      "p99_latency_ms": 478.9359870021872,
      "min_latency_ms": 42.05979999824194,
      "max_latency_ms": 495.5852999992203,
      "dropped_packets": 0.0,
      "speedup_vs_single": 0.8844985852160864
    },
    "multi_process": {
      "predictions": 10000.0,
      "elapsed_sec": 1.8592023999954108,
      "throughput": 5378.6505439239345,
      "avg_latency_ms": 0.008821540002099938,
      "p50_latency_ms": 0.007399218731052315,
      "p95_latency_ms": 0.020626562445613672,
      "p99_latency_ms": 0.032155468716155156,
      "min_latency_ms": 0.005460156273784378,
      "max_latency_ms": 0.10078749983222224,
      "speedup_vs_single": 0.32509962336513165
    }
  },
  "test3_queue_buffer": {
    "100": {
      "predictions": 8000.0,
      "elapsed_sec": 0.5677499000012176,
      "throughput": 14090.711420614682,
      "avg_latency_ms": 178.58117587478955,
      "p50_latency_ms": 175.10245000084979,
      "p95_latency_ms": 323.6417999956757,
      "p99_latency_ms": 347.8452370008017,
      "min_latency_ms": 20.366600001580082,
      "max_latency_ms": 356.3330000033602,
      "dropped_packets": 0.0
    },
    "1000": {
      "predictions": 8000.0,
      "elapsed_sec": 0.5685471000033431,
      "throughput": 14070.953839977303,
      "avg_latency_ms": 233.7111087375888,
      "p50_latency_ms": 239.76304999814602,
      "p95_latency_ms": 399.4070250013464,
      "p99_latency_ms": 418.84778500454564,
      "min_latency_ms": 38.26139999728184,
      "max_latency_ms": 423.13560000184225,
      "dropped_packets": 0.0
    },
    "5000": {
      "predictions": 8000.0,
      "elapsed_sec": 0.5713051999991876,
      "throughput": 14003.023252740175,
      "avg_latency_ms": 245.79672863748056,
      "p50_latency_ms": 240.6120000014198,
      "p95_latency_ms": 428.6835499980952,
      "p99_latency_ms": 460.99972799689573,
      "min_latency_ms": 41.379499998583924,
      "max_latency_ms": 465.6405999994604,
      "dropped_packets": 0.0
    },
    "10000": {
      "predictions": 8000.0,
      "elapsed_sec": 0.5666802999985521,
      "throughput": 14117.30741305184,
      "avg_latency_ms": 248.18044387528516,
      "p50_latency_ms": 252.73879999804194,
      "p95_latency_ms": 427.4563999999373,
      "p99_latency_ms": 444.57638300016697,
      "min_latency_ms": 41.8569999965257,
      "max_latency_ms": 448.4456000063801,
      "dropped_packets": 0.0
    }
  },
  "test4_batch_pipeline": {
    "1": {
      "single_thread": {
        "predictions": 8000,
        "elapsed_sec": 5.466566000002786,
        "throughput": 1463.4415828869392,
        "avg_latency_ms": 0.6819293624575948,
        "p50_latency_ms": 0.6299499982560519,
        "p95_latency_ms": 0.9886099971481597,
        "p99_latency_ms": 1.2425290021928965,
        "min_latency_ms": 0.4960000005667098,
        "max_latency_ms": 2.458999995724298
      },
      "multi_thread": {
        "predictions": 8000.0,
        "elapsed_sec": 4.778599600002053,
        "throughput": 1674.1306386072947,
        "avg_latency_ms": 2394.062043899982,
        "p50_latency_ms": 2418.570350000664,
        "p95_latency_ms": 4067.6520050030367,
        "p99_latency_ms": 4211.896876997271,
        "min_latency_ms": 72.33709999854909,
        "max_latency_ms": 4253.078599998844,
        "dropped_packets": 0.0
      },
      "mt_speedup_vs_st": 1.1439682035716985
    },
    "4": {
      "single_thread": {
        "predictions": 8000,
        "elapsed_sec": 1.7708797999948729,
        "throughput": 4517.5285188882735,
        "avg_latency_ms": 0.7771113124608746,
        "p50_latency_ms": 0.7476999999198597,
        "p95_latency_ms": 1.0630250031681496,
        "p99_latency_ms": 1.2875139957031936,
        "min_latency_ms": 0.5372000014176592,
        "max_latency_ms": 1.8772000039462
      },
      "multi_thread": {
        "predictions": 8000.0,
        "elapsed_sec": 1.6605755999989924,
        "throughput": 4817.606617852782,
        "avg_latency_ms": 829.1986212874417,