{
  "metadata": {
    "timestamp": "2026-04-02 02:25:52",
    "hardware": {
      "os": "Windows 11",
      "python": "3.13.2",
      "cpu": "Intel64 Family 6 Model 154 Stepping 3, GenuineIntel",
      "cpu_cores_physical": 12,
      "ram_gb": "15.6",
      "gpu": "NVIDIA GeForce RTX 3050 Laptop GPU",
      "gpu_vram_mb": 4095,
      "gpu_compute_capability": "8.6",
      "cuda_version": "12.4"
    },
    "config": {
      "model_type": "xgboost",
      "batch_size": 128,
      "queue_size": 10000,
      "num_consumers": 2,
      "num_ai_workers": 1,
      "use_gpu": true,
      "gpu_profile": "low"
    }
  },
  "test1_inference_batch": {
    "1": {
      "batch_size": 1,
      "throughput_mean": 2380.136960778872,
      "throughput_std": 39.66921080981683,
      "latency_ms_mean": 0.4202606300001207,
      "latency_ms_std": 0.0070043899999291115,
      "speedup_vs_bs1": 1.0
    },
    "2": {
      "batch_size": 2,
      "throughput_mean": 4225.704042670422,
      "throughput_std": 162.63711785733472,
      "latency_ms_mean": 0.23699801999973716,
      "latency_ms_std": 0.009121479999885218,
      "speedup_vs_bs1": 1.7754037319296152
    },
    "4": {
      "batch_size": 4,
      "throughput_mean": 8670.932803529893,
      "throughput_std": 130.41359121144797,
      "latency_ms_mean": 0.1153539400002046,
      "latency_ms_std": 0.0017349599998851759,
      "speedup_vs_bs1": 3.643039432778033
    },
    "8": {
      "batch_size": 8,
      "throughput_mean": 15666.248928968558,
      "throughput_std": 1733.6736762750807,
      "latency_ms_mean": 0.06462287999966065,
      "latency_ms_std": 0.007151359999988931,
      "speedup_vs_bs1": 6.5820787572837665
    },
    "16": {
      "batch_size": 16,
      "throughput_mean": 32854.61678090521,
      "throughput_std": 949.5865696472265,
      "latency_ms_mean": 0.03046256999950856,
      "latency_ms_std": 0.0008804500001133395,
      "speedup_vs_bs1": 13.803666478988639
    },
    "32": {
      "batch_size": 32,
      "throughput_mean": 58035.1474667751,
      "throughput_std": 989.691363410504,
      "latency_ms_mean": 0.017235950000031152,
      "latency_ms_std": 0.0002939299993158784,
      "speedup_vs_bs1": 24.38311257843909
    },
    "64": {
      "batch_size": 64,
      "throughput_mean": 97686.47432639703,
      "throughput_std": 5683.383030051416,
      "latency_ms_mean": 0.010271600000123726,
      "latency_ms_std": 0.0005976000007649404,
      "speedup_vs_bs1": 41.04237526500587
    },
    "128": {
      "batch_size": 128,
      "throughput_mean": 192272.8663554878,
      "throughput_std": 3483.9097478343465,
      "latency_ms_mean": 0.005202650000137509,
      "latency_ms_std": 9.426999968127365e-05,
      "speedup_vs_bs1": 80.78226989616965
    },
    "256": {
      "batch_size": 256,
      "throughput_mean": 320977.4858809571,
      "throughput_std": 4441.65401841767,
      "latency_ms_mean": 0.003116079999745125,
      "latency_ms_std": 4.312000019126585e-05,
      "speedup_vs_bs1": 134.85672932700518
    },
    "512": {
      "batch_size": 512,
      "throughput_mean": 588831.0959501467,
      "throughput_std": 39096.61747715005,
      "latency_ms_mean": 0.001705799999035662,
      "latency_ms_std": 0.00011326000021654175,
      "speedup_vs_bs1": 247.39378685059307
    }
  },
  "test2_pipeline_comparison": {
    "single_thread": {
      "predictions": 10000.0,
      "elapsed_sec": 0.6214085000028717,
      "throughput": 16092.473791320503,
      "avg_latency_ms": 4.554035279856907,
      "p50_latency_ms": 4.568100004689768,
      "p95_latency_ms": 7.555314998899121,
      "p99_latency_ms": 8.16321300015261,
      "min_latency_ms": 0.7138000000850298,
      "max_latency_ms": 9.467999996559229,
      "speedup_vs_single": 1.0
    },
    "multi_thread": {
      "predictions": 10000.0,
      "elapsed_sec": 0.6868711999995867,
      "throughput": 14558.770261449334,
      "avg_latency_ms": 255.9752819500332,
      "p50_latency_ms": 261.5177500010759,
      "p95_latency_ms": 428.41249999873975,
      "p99_latency_ms": 455.03507399524096,
      "min_latency_ms": 38.262800000666175,
      "max_latency_ms": 467.6298000049428,
      "dropped_packets": 0.0,
      "speedup_vs_single": 0.9046943590053648
    },
    "multi_process": {
      "predictions": 10000.0,
      "elapsed_sec": 1.7477185999960057,
      "throughput": 5721.744907917588,
      "avg_latency_ms": 0.0076753999994252815,
      "p50_latency_ms": 0.006728124986921102,
      "p95_latency_ms": 0.012850000018715946,
      "p99_latency_ms": 0.033613281232192094,
      "min_latency_ms": 0.005713281268526771,
      "max_latency_ms": 0.10877499971684301,
      "speedup_vs_single": 0.35555409206281374
    }
  },
  "test3_queue_buffer": {
    "100": {
      "predictions": 8000.0,
      "elapsed_sec": 0.5434868999946048,
      "throughput": 14719.766014745557,
      "avg_latency_ms": 168.95319686231687,
      "p50_latency_ms": 167.6441999989038,
      "p95_latency_ms": 296.5595699966798,
      "p99_latency_ms": 303.43179499679536,
      "min_latency_ms": 26.697399996919557,
      "max_latency_ms": 318.25360000220826,
      "dropped_packets": 0.0
    },
    "1000": {
      "predictions": 8000.0,
      "elapsed_sec": 0.5763437999994494,
      "throughput": 13880.603903447287,
      "avg_latency_ms": 164.0162209123191,
      "p50_latency_ms": 156.15625000282307,
      "p95_latency_ms": 300.30465999952867,
      "p99_latency_ms": 307.6658490025875,
      "min_latency_ms": 28.323999998974614,
      "max_latency_ms": 325.58300000528106,
      "dropped_packets": 0.0
    },
    "5000": {
      "predictions": 8000.0,
      "elapsed_sec": 0.5668723999988288,
      "throughput": 14112.523382716337,
      "avg_latency_ms": 184.2758438627934,
      "p50_latency_ms": 184.8176500025147,
      "p95_latency_ms": 327.0981400000892,
      "p99_latency_ms": 346.02894899493555,
      "min_latency_ms": 31.99750000203494,
      "max_latency_ms": 358.7005000008503,
      "dropped_packets": 0.0
    },
    "10000": {
      "predictions": 8000.0,
      "elapsed_sec": 0.5537598999944748,
      "throughput": 14446.69431657984,
      "avg_latency_ms": 205.67150995029897,
      "p50_latency_ms": 197.95035000061034,
      "p95_latency_ms": 360.2785800030687,
      "p99_latency_ms": 372.4999600003503,
      "min_latency_ms": 35.757099998591,
      "max_latency_ms": 380.9823999981745,
      "dropped_packets": 0.0
    }
  },
  "test4_batch_pipeline": {
    "1": {
      "single_thread": {
        "predictions": 8000,
        "elapsed_sec": 5.477072699999553,
        "throughput": 1460.6342544988772,
        "avg_latency_ms": 0.6832505375305118,
        "p50_latency_ms": 0.6275999985518865,
        "p95_latency_ms": 0.9657049977249698,
        "p99_latency_ms": 1.2437249968934345,
        "min_latency_ms": 0.49929999659070745,
        "max_latency_ms": 23.66549999715062
      },
      "multi_thread": {
        "predictions": 8000.0,
        "elapsed_sec": 5.122460200000205,
        "throughput": 1561.7495671317622,
        "avg_latency_ms": 2624.0027547749705,
        "p50_latency_ms": 2668.3110499980103,
        "p95_latency_ms": 4412.39662500302,
        "p99_latency_ms": 4562.259408002719,
        "min_latency_ms": 68.12360000185436,
        "max_latency_ms": 4602.494899998419,
        "dropped_packets": 0.0
      },
      "mt_speedup_vs_st": 1.0692269897966868
    },
    "4": {
      "single_thread": {
        "predictions": 8000,
        "elapsed_sec": 1.8425279000002774,
        "throughput": 4341.860983488388,
        "avg_latency_ms": 0.8094407374474031,
        "p50_latency_ms": 0.7634499997948296,
        "p95_latency_ms": 1.1788100044213934,
        "p99_latency_ms": 1.4664030037238285,
        "min_latency_ms": 0.5359000060707331,
        "max_latency_ms": 2.4585999999544583
      },
      "multi_thread": {
        "predictions": 8000.0,
        "elapsed_sec": 1.6806409000055282,
        "throughput": 4760.088844662584,
        "avg_latency_ms": 811.3782233500588,